Ville,nbCommandes,prixMoyenProduits,fraisMoyen,noteMoyenneVille,nbVendeurs,latitudeVille,longitudeVille,Etat,nbVendeursParCommande
sao paulo,15540,124.32960264900932,16.575936891312782,4.139622641509434,694,-23.570860168124305,-46.63324168698368,São Paulo,0.04465894465894466
sao paulo,15540,124.32960264900932,16.575936891312782,4.139622641509434,694,-23.57870736918802,-46.645778615462866,Acre,0.04465894465894466
rio de janeiro,6882,145.23541995902812,23.660398009950157,3.8843488304937916,1,-22.88851286839717,-43.48185481761642,Acre,1.4530659691950015E-4
rio de janeiro,6882,145.23541995902812,23.660398009950157,3.8843488304937916,1,-22.91491094007717,-43.31287727788015,Rio de Janeiro,1.4530659691950015E-4
rio de janeiro,6882,145.23541995902812,23.660398009950157,3.8843488304937916,2,-22.88851286839717,-43.48185481761642,Acre,2.906131938390003E-4
rio de janeiro,6882,145.23541995902812,23.660398009950157,3.8843488304937916,2,-22.91491094007717,-43.31287727788015,Rio de Janeiro,2.906131938390003E-4
rio de janeiro,6882,145.23541995902812,23.660398009950157,3.8843488304937916,93,-22.88851286839717,-43.48185481761642,Acre,0.013513513513513514
rio de janeiro,6882,145.23541995902812,23.660398009950157,3.8843488304937916,93,-22.91491094007717,-43.31287727788015,Rio de Janeiro,0.013513513513513514
belo horizonte,2773,129.31313818181792,22.226276363636366,4.09051878354204,2,-19.9087721380183,-43.957549373181315,Minas Gerais,7.21240533717995E-4
belo horizonte,2773,129.31313818181792,22.226276363636366,4.09051878354204,66,-19.9087721380183,-43.957549373181315,Minas Gerais,0.023800937612693834
brasilia,2131,142.6844281663516,23.81138468809074,4.056252905625291,28,-15.811072659488262,-47.971704877885685,District fédéral,0.01313937118723604
curitiba,1521,140.22388079470213,21.855503311258282,4.187540983606557,3,-25.453054020386823,-49.27499629427101,Paraná,0.0019723865877712033
curitiba,1521,140.22388079470213,21.855503311258282,4.187540983606557,124,-25.453054020386823,-49.27499629427101,Paraná,0.08152531229454306
campinas,1444,131.4517354793564,17.28283414975507,4.068181818181818,41,-22.90086823037808,-47.068536847474455,São Paulo,0.028393351800554016
campinas,1444,131.4517354793564,17.28283414975507,4.068181818181818,41,-22.861614714024753,-47.06430302666198,Acre,0.028393351800554016
porto alegre,1379,138.8936443148691,24.418374635568508,3.9928109273903667,1,-30.049252267575962,-51.18858153639673,Rio Grande do Sul,7.251631617113851E-4
porto alegre,1379,138.8936443148691,24.418374635568508,3.9928109273903667,27,-30.049252267575962,-51.18858153639673,Rio Grande do Sul,0.019579405366207395
salvador,1245,146.28789983844933,28.8109693053312,3.672785315243416,7,-12.987813773589286,-38.50574187032669,Bahia,0.005622489959839358
salvador,1245,146.28789983844933,28.8109693053312,3.672785315243416,7,-12.962654589682149,-38.4616830422837,Bahia,0.005622489959839358
guarulhos,1189,122.46892190152828,16.390008488964348,4.063758389261745,50,-23.446403450611076,-46.49876846180308,São Paulo,0.04205214465937763
sao bernardo do campo,938,112.65192887931062,15.607607758620691,4.248677248677248,32,-23.70762633840408,-46.56386871942135,São Paulo,0.03411513859275053
niteroi,849,139.5350532544381,23.683147928994085,3.9277389277389276,8,-22.893927051796183,-43.086335277840156,Rio de Janeiro,0.009422850412249705
santo andre,797,116.12042875157657,15.936973518284997,4.2671660424469415,45,-23.6600310913758,-46.521965851668206,São Paulo,0.056461731493099125
santo andre,797,116.12042875157657,15.936973518284997,4.2671660424469415,45,-7.221183860031729,-36.63355991201459,Paraïba,0.056461731493099125
osasco,746,110.7248787061997,15.960727762803236,4.159786950732357,32,-23.536560947809892,-46.78828362886693,São Paulo,0.04289544235924933
santos,713,139.91089235127504,18.262209631728037,4.173669467787115,16,-23.96252319074526,-46.32780350647331,São Paulo,0.02244039270687237
goiania,692,154.4558515283845,26.1271615720524,3.9283667621776504,23,-16.684586639738036,-49.27448045931697,Goiás,0.033236994219653176
sao jose dos campos,691,114.65151603498563,16.525320699708455,4.223665223665224,18,-23.210879707043965,-45.88518649653687,São Paulo,0.02604920405209841
fortaleza,654,150.5662461538464,31.966169230769246,3.802752293577982,7,-3.763107946625512,-38.53242972497402,Ceará,0.010703363914373088
sorocaba,633,122.6791025641028,16.982499999999995,4.238244514106583,32,-23.485346151382082,-47.46445000569193,São Paulo,0.05055292259083728
recife,613,146.73694444444473,33.04004901960784,3.9098228663446055,5,-8.068138874398839,-34.91363210482967,Pernambuco,0.008156606851549755
florianopolis,570,152.0813982300887,24.77766371681415,3.9790940766550524,1,-27.57683563925412,-48.517951844329865,Santa Catarina,0.0017543859649122807
florianopolis,570,152.0813982300887,24.77766371681415,3.9790940766550524,17,-27.57683563925412,-48.517951844329865,Santa Catarina,0.02982456140350877
jundiai,565,145.1969642857145,18.029410714285714,4.134275618374558,14,-23.185675744261623,-46.90259409644331,São Paulo,0.024778761061946902
ribeirao preto,510,129.2067125984252,19.23482283464566,4.209708737864077,52,-21.180750634407623,-47.804281096227534,São Paulo,0.10196078431372549
belem,447,181.97186516853955,35.245258426966295,3.838137472283814,"",-6.698187892953499,-35.53682088094558,Paraïba,""
belem,447,181.97186516853955,35.245258426966295,3.838137472283814,"",-1.4182009228719668,-48.46951066726482,Pará,""
belem,447,181.97186516853955,35.245258426966295,3.838137472283814,"",-9.583374640108921,-36.4701990872888,Alagoas,""
nova iguacu,442,137.2074943052392,24.122232346241454,3.7828054298642533,5,-22.74284877626707,-43.472319863519814,Rio de Janeiro,0.011312217194570135
barueri,433,119.64650349650346,16.930745920745924,4.142857142857143,13,-23.505912650749714,-46.86935863185788,São Paulo,0.03002309468822171
juiz de fora,427,152.91260563380285,24.54061032863848,4.1782407407407405,1,-21.7541042028893,-43.36263708878037,Minas Gerais,0.00234192037470726
juiz de fora,427,152.91260563380285,24.54061032863848,4.1782407407407405,9,-21.7541042028893,-43.36263708878037,Minas Gerais,0.02107728337236534
contagem,426,117.12108747044907,20.925815602836877,3.9509345794392523,12,-19.9190393518736,-44.057885087693045,Minas Gerais,0.028169014084507043
sao goncalo,409,129.3468965517241,22.395788177339888,3.6092233009708736,7,-22.82802998050913,-43.02753213709035,Rio de Janeiro,0.017114914425427872
mogi das cruzes,383,137.22369393139834,17.27408970976253,4.140625,15,-23.530401558443916,-46.193887959028466,São Paulo,0.0391644908616188
vitoria,380,140.71370370370363,25.218624338624338,4.0078740157480315,4,-20.28862268713457,-40.299007007971774,Espírito Santo,0.010526315789473684
vitoria,380,140.71370370370363,25.218624338624338,4.0078740157480315,4,-24.896697185583776,-49.8403869636703,Paraná,0.010526315789473684
uberlandia,374,130.51604838709673,22.134731182795697,4.263297872340425,12,-18.918531827023873,-48.27499733339019,Minas Gerais,0.03208556149732621
piracicaba,369,142.91797814207638,18.122923497267763,4.159891598915989,12,-22.725841079430904,-47.646621915541544,São Paulo,0.032520325203252036
sao luis,353,146.6290517241379,35.58873563218391,3.672316384180791,1,-2.530584706979767,-44.25421387400731,Maranhão,0.0028328611898017
sao jose do rio preto,335,141.35300300300293,20.064774774774772,4.2119402985074625,33,-20.809641072093598,-49.37964503407102,São Paulo,0.09850746268656717
vila velha,334,145.00054054054047,23.7160960960961,3.844311377245509,1,-20.35965803283196,-40.310216940252815,Espírito Santo,0.0029940119760479044
vila velha,334,145.00054054054047,23.7160960960961,3.844311377245509,4,-20.35965803283196,-40.310216940252815,Espírito Santo,0.011976047904191617
carapicuiba,328,99.18732307692298,15.480307692307694,4.132930513595166,10,-23.545578557335205,-46.83877557576887,São Paulo,0.03048780487804878
maua,323,136.802382445141,15.003636363636364,4.1419753086419755,13,-23.669993795741227,-46.44890869240463,São Paulo,0.04024767801857585
campo grande,320,181.33863492063492,26.551047619047612,4.136645962732919,4,-5.862747520564514,-37.31109127671388,Rio Grande do Norte,0.0125
campo grande,320,181.33863492063492,26.551047619047612,4.136645962732919,4,-9.959598567747458,-36.79002181192202,Alagoas,0.0125
campo grande,320,181.33863492063492,26.551047619047612,4.136645962732919,4,-22.885007883100812,-43.61612998754906,Rio de Janeiro,0.0125
campo grande,320,181.33863492063492,26.551047619047612,4.136645962732919,4,-20.470062576972307,-54.615784883567414,Mato Grosso do Sul,0.0125
praia grande,316,127.5595498392282,16.727106109324755,4.116352201257862,10,-29.195972506381672,-49.950968829581605,Santa Catarina,0.03164556962025317
praia grande,316,127.5595498392282,16.727106109324755,4.116352201257862,10,-24.021423655849397,-46.46182393815408,São Paulo,0.03164556962025317
praia grande,316,127.5595498392282,16.727106109324755,4.116352201257862,10,-20.0390540620337,-40.18714729796507,Espírito Santo,0.03164556962025317
londrina,306,153.35069306930697,21.913366336633658,4.145631067961165,1,-23.31441588953911,-51.16549611994072,Paraná,0.0032679738562091504
londrina,306,153.35069306930697,21.913366336633658,4.145631067961165,25,-23.31441588953911,-51.16549611994072,Paraná,0.08169934640522876
taboao da serra,296,123.21827586206882,16.092413793103447,4.01328903654485,10,-23.6207381115952,-46.78015554029438,São Paulo,0.033783783783783786
diadema,286,103.49732394366188,16.19760563380282,3.965156794425087,9,-23.689768416180417,-46.611740825698504,São Paulo,0.03146853146853147
serra,285,127.56957894736833,23.18750877192982,3.8916083916083917,3,-20.177553426226176,-40.24827651942886,Espírito Santo,0.010526315789473684
teresina,281,178.45510714285717,37.63185714285714,3.8333333333333335,1,-5.082661896995917,-42.79056879008659,Piauí,0.0035587188612099642
indaiatuba,280,134.29532374100708,16.18852517985611,4.245551601423488,8,-23.095823068459897,-47.214789830643205,São Paulo,0.02857142857142857
sao caetano do sul,277,118.00945454545446,15.639054545454545,4.2671480144404335,20,-23.62674764374787,-46.565057775638756,São Paulo,0.07220216606498195
bauru,273,146.1565185185184,20.37437037037037,4.141818181818182,14,-22.32668283930309,-49.066682485334695,São Paulo,0.05128205128205128
maringa,271,141.80632958801485,26.6798127340824,4.051470588235294,40,-23.418348520930945,-51.932772137145825,Paraná,0.14760147601476015
taubate,270,111.32794007490628,18.795318352059923,4.076923076923077,6,-23.025346029570912,-45.564023041746836,São Paulo,0.022222222222222223
duque de caxias,266,129.39041825095046,22.351216730038026,3.7602996254681647,3,-22.71473796323477,-43.28943011353082,Rio de Janeiro,0.011278195488721804
joinville,264,132.21509505703412,23.572243346007596,3.9849056603773585,22,-26.296137780383102,-48.84274831142131,Santa Catarina,0.08333333333333333
joao pessoa,256,209.31027559055113,39.000393700787406,4.031128404669261,2,-7.132031986511363,-34.851423004685145,Paraïba,0.0078125
cotia,250,125.33217741935474,16.874193548387098,4.16,10,-23.610952128091483,-46.90435454556702,São Paulo,0.04
cuiaba,248,157.94826612903213,31.989959677419357,3.899193548387097,2,-15.598820042909665,-56.0722243772959,Mato Grosso,0.008064516129032258
maceio,247,181.71739837398366,34.04715447154472,3.6048387096774195,"",-9.629092475768132,-35.73120478518649,Alagoas,""
sao carlos,241,127.07701680672258,19.484495798319333,4.223140495867769,13,-22.011686696334287,-47.89310457207042,São Paulo,0.05394190871369295
sao carlos,241,127.07701680672258,19.484495798319333,4.223140495867769,13,-27.080681670565326,-53.00616293046744,Santa Catarina,0.05394190871369295
petropolis,240,139.62226890756293,26.675756302521005,3.9,6,-22.476819286296735,-43.17086761038725,Rio de Janeiro,0.025
macae,239,132.22700421940922,26.45337552742616,3.5726141078838176,3,-22.380942145066868,-41.7888662438425,Rio de Janeiro,0.012552301255230125
campos dos goytacazes,238,145.63176470588223,23.230210084033608,3.9453781512605044,1,-21.76135912690402,-41.320679531016374,Rio de Janeiro,0.004201680672268907
suzano,234,108.73334763948489,16.025193133047214,4.177966101694915,3,-23.54952953684076,-46.3095991689705,São Paulo,0.01282051282051282
volta redonda,232,146.2894736842104,23.210307017543858,3.8540772532188843,1,-22.50866919780627,-44.09717153758829,Rio de Janeiro,0.004310344827586207
volta redonda,232,146.2894736842104,23.210307017543858,3.8540772532188843,1,-22.50866919780627,-44.09717153758829,Rio de Janeiro,0.004310344827586207
guaruja,226,132.91857142857134,17.4734375,4.092511013215859,6,-23.978902860773438,-46.26040545326232,São Paulo,0.02654867256637168
aracaju,225,165.94454545454536,36.77727272727273,3.7466666666666666,1,-10.941346378601732,-37.06727810860308,Sergipe,0.0044444444444444444
americana,224,112.78900452488679,16.983529411764707,4.2,10,-22.737256111041685,-47.32369935794698,São Paulo,0.044642857142857144
caxias do sul,224,171.78602678571426,26.0771875,4.135371179039302,2,-29.163658257979264,-51.17937527854717,Rio Grande do Sul,0.008928571428571428
caxias do sul,224,171.78602678571426,26.0771875,4.135371179039302,16,-29.163658257979264,-51.17937527854717,Rio Grande do Sul,0.07142857142857142
montes claros,211,126.49710900473926,22.732227488151658,4.260663507109005,3,-16.728481233546674,-43.86084218725256,Minas Gerais,0.014218009478672985
canoas,210,128.15909090909085,24.868803827751197,3.9624413145539905,9,-29.921655879098733,-51.174495237165324,Rio Grande do Sul,0.04285714285714286
natal,207,175.26521951219502,33.76404878048781,3.9903846153846154,2,-5.812242777634389,-35.2214626461548,Rio Grande do Norte,0.00966183574879227
betim,203,149.21547263681583,21.679651741293537,4.122549019607843,5,-19.954066182129807,-44.16696162695821,Minas Gerais,0.024630541871921183
santa maria,197,161.47482233502532,28.052233502538066,4.186868686868687,3,-11.314698067779764,-34.725129839453665,Rio de Janeiro,0.015228426395939087
santa maria,197,161.47482233502532,28.052233502538066,4.186868686868687,3,-29.694740023885164,-53.80206641933695,Rio Grande do Sul,0.015228426395939087
santa maria,197,161.47482233502532,28.052233502538066,4.186868686868687,3,-16.013791564761796,-48.00914868808301,District fédéral,0.015228426395939087
santa maria,197,161.47482233502532,28.052233502538066,4.186868686868687,3,-5.84076151578525,-35.692963484542844,Rio Grande do Norte,0.015228426395939087
marilia,196,172.98102040816326,18.31474489795918,4.2639593908629445,15,-22.20944528746971,-49.94761150402022,São Paulo,0.07653061224489796
jacarei,194,95.7467875647668,15.368704663212435,4.097938144329897,7,-23.296728672789897,-45.96374124064232,São Paulo,0.03608247422680412
uberaba,191,151.78962962962953,24.600582010582013,4.44559585492228,3,-19.752823866371905,-47.935837449992846,Minas Gerais,0.015706806282722512
limeira,190,122.13698412698406,17.40888888888889,4.219895287958115,17,-22.573478963976974,-47.408479247924056,São Paulo,0.08947368421052632
blumenau,188,132.38160427807478,23.997647058823528,4.154255319148936,1,-26.899545050254904,-49.08859270065109,Santa Catarina,0.005319148936170213
blumenau,188,132.38160427807478,23.997647058823528,4.154255319148936,20,-26.899545050254904,-49.08859270065109,Santa Catarina,0.10638297872340426
pelotas,186,121.66918478260862,27.007934782608697,4.175531914893617,3,-31.751268758641064,-52.33736241072298,Rio Grande do Sul,0.016129032258064516
feira de santana,185,149.4712972972972,26.024918918918914,4.048387096774194,1,-12.250012686237463,-38.95696188720092,Bahia,0.005405405405405406
santana de parnaiba,185,127.98928571428567,16.274945054945054,4.118279569892473,9,-23.45227184674429,-46.88017162684783,São Paulo,0.04864864864864865
valinhos,183,123.20519125683053,17.016775956284153,4.209677419354839,7,-22.970891180445857,-46.99698053847307,São Paulo,0.03825136612021858
sumare,183,118.71779005524857,17.29756906077348,3.9239130434782608,5,-22.820374918645964,-47.23182615492961,São Paulo,0.0273224043715847
itaquaquecetuba,172,113.24701754385957,14.994678362573097,3.895348837209302,9,-23.47025942737683,-46.342772865625825,São Paulo,0.05232558139534884
ipatinga,171,128.40479532163738,24.675789473684212,3.9767441860465116,2,-19.469778652462967,-42.55329183239245,Minas Gerais,0.011695906432748537
itapevi,170,107.93476470588229,16.485294117647054,4.251461988304094,4,-23.54862943385628,-46.94612308104324,São Paulo,0.023529411764705882
sao jose,169,121.13369047619041,23.791488095238098,3.764705882352941,5,-22.493329751103225,-54.46305520752318,Mato Grosso do Sul,0.029585798816568046
sao jose,169,121.13369047619041,23.791488095238098,3.764705882352941,5,-27.583656699369293,-48.62806596974896,Santa Catarina,0.029585798816568046
embu das artes,165,126.38853658536577,15.359268292682925,4.066666666666666,2,-23.654184104143738,-46.82259825455928,São Paulo,0.012121212121212121
sao vicente,165,129.52715151515147,16.65351515151515,4.096385542168675,1,-23.96499808789871,-46.3936030252835,São Paulo,0.006060606060606061
sao vicente,165,129.52715151515147,16.65351515151515,4.096385542168675,1,-19.326087908973193,-43.93377311015729,Minas Gerais,0.006060606060606061
sao vicente,165,129.52715151515147,16.65351515151515,4.096385542168675,1,-6.217486596738015,-36.68279880249036,Rio Grande do Norte,0.006060606060606061
presidente prudente,161,163.72581249999993,23.226,4.171779141104294,12,-22.12149166684966,-51.40467191881969,São Paulo,0.07453416149068323
franca,161,141.15553459119488,21.142075471698114,4.074534161490683,20,-20.534056764659475,-47.39843655679908,São Paulo,0.12422360248447205
atibaia,159,133.20515923566873,18.30063694267516,4.2075471698113205,11,-23.1231345192445,-46.56048198733121,São Paulo,0.06918238993710692
rio claro,157,132.2939354838709,19.912838709677416,4.382165605095541,12,-22.733444663843,-44.13219774952545,Rio de Janeiro,0.07643312101910828
rio claro,157,132.2939354838709,19.912838709677416,4.382165605095541,12,-22.405387854048307,-47.56608729920483,São Paulo,0.07643312101910828
araraquara,155,132.15629870129862,18.504415584415586,4.361290322580645,11,-21.782712943567883,-48.17171498477067,São Paulo,0.07096774193548387
cascavel,153,161.6423529411764,27.275032679738562,4.091503267973856,14,-4.141297936156377,-38.230176252327055,Ceará,0.0915032679738562
cascavel,153,161.6423529411764,27.275032679738562,4.091503267973856,14,-24.955956150696842,-53.46087017667778,Paraná,0.0915032679738562
nova friburgo,152,186.83259999999996,23.734600000000007,3.6474358974358974,5,-22.279974771040884,-42.526645400648526,Rio de Janeiro,0.03289473684210526
braganca paulista,146,139.77513888888885,17.74729166666667,4.226027397260274,5,-22.94842035356781,-46.54131547902729,São Paulo,0.03424657534246575
hortolandia,145,113.95317241379304,15.347310344827584,3.806896551724138,2,-22.883727627300885,-47.204836448505475,São Paulo,0.013793103448275862
ponta grossa,143,133.2632394366197,22.738732394366203,4.391608391608392,6,-25.093201294628834,-50.1570545540559,Paraná,0.04195804195804196
aracatuba,141,120.3855395683453,19.593453237410074,4.127659574468085,4,-21.20555581760857,-50.44319371467775,São Paulo,0.028368794326241134
governador valadares,141,141.43201438848914,25.363741007194243,4.205673758865248,1,-18.86417772604703,-41.95358966495241,Minas Gerais,0.0070921985815602835
manaus,140,148.5795683453237,36.98201438848922,4.198581560283688,1,-3.0795783434247923,-60.00710744674126,Amazonas,0.007142857142857143
cariacica,139,127.3520289855072,21.878043478260874,4.01418439716312,2,-20.330278597042394,-40.383426912955926,Espírito Santo,0.014388489208633094
marica,139,113.55768115942027,20.938913043478262,3.893617021276596,1,-22.927070740029524,-42.866088849611636,Rio de Janeiro,0.007194244604316547
divinopolis,137,261.49459259259254,25.855333333333334,4.124087591240876,8,-20.144553923366622,-44.88919731558963,Minas Gerais,0.058394160583941604
rio das ostras,137,149.03463235294114,26.169926470588237,3.6350364963503647,"",-22.51402632392653,-41.938722445730065,Rio de Janeiro,""
itu,136,94.12614814814813,14.896666666666668,4.213235294117647,4,-23.286022429648412,-47.30328085446804,São Paulo,0.029411764705882353
jaboatao dos guararapes,135,158.55674074074065,31.61259259259259,3.948148148148148,"",-8.155733539576072,-34.94990359544573,Pernambuco,""
sao joao de meriti,134,142.39575757575753,24.27931818181818,3.6791044776119404,3,-22.78612646434462,-43.36984637905677,Rio de Janeiro,0.022388059701492536
sao jose dos pinhais,133,115.45076335877859,20.148015267175573,4.007518796992481,1,-25.53094627920345,-49.175290814529696,Paraná,0.007518796992481203
sao jose dos pinhais,133,115.45076335877859,20.148015267175573,4.007518796992481,9,-25.53094627920345,-49.175290814529696,Paraná,0.06766917293233082
pouso alegre,131,163.14664122137398,21.551145038167945,4.052631578947368,1,-22.23628738442873,-45.93097049415967,Minas Gerais,0.007633587786259542
paulinia,130,129.1371317829457,16.528294573643414,4.166666666666667,4,-22.765232498134225,-47.158572746889256,São Paulo,0.03076923076923077
sete lagoas,128,136.2862204724409,23.078503937007877,4.2846153846153845,4,-19.456922662275907,-44.23993688925751,Minas Gerais,0.03125
rio grande,125,133.19983870967738,23.658951612903227,4.024,1,-32.07091373894832,-52.130616381249475,Rio Grande do Sul,0.008
novo hamburgo,123,162.68098360655733,25.288852459016393,4.016129032258065,6,-29.690185125405044,-51.12251257508262,Rio Grande do Sul,0.04878048780487805
barra mansa,123,166.0079338842975,24.428429752066116,3.845528455284553,4,-22.541153347532756,-44.171692237731015,Rio de Janeiro,0.032520325203252036
pocos de caldas,122,144.4567226890756,23.745210084033616,3.9672131147540983,5,-21.797117923016827,-46.564244268316585,Minas Gerais,0.040983606557377046
cachoeiro de itapemirim,122,131.17049586776858,27.270991735537198,3.879032258064516,4,-20.846480708091182,-41.126185329481075,Espírito Santo,0.03278688524590164
teresopolis,120,143.82596638655457,26.479579831932778,3.941666666666667,2,-22.416165206008674,-42.96601614632327,Rio de Janeiro,0.016666666666666666
itajai,120,161.2380833333333,23.15333333333334,4.0,2,-26.908681805460116,-48.681899966116546,Santa Catarina,0.016666666666666666
itajai,120,161.2380833333333,23.15333333333334,4.0,8,-26.908681805460116,-48.681899966116546,Santa Catarina,0.06666666666666667
santa barbara d'oeste,119,110.78033898305087,16.169915254237285,4.352941176470588,4,-22.749004398277716,-47.39436424870086,São Paulo,0.03361344537815126
cabo frio,117,148.12646551724137,24.961637931034485,3.606837606837607,"",-22.854990833265287,-42.026170513761414,Rio de Janeiro,""
resende,117,115.7713675213675,25.22623931623932,3.8632478632478633,1,-22.47122312075811,-44.46082035290081,Rio de Janeiro,0.008547008547008548
anapolis,113,153.3908928571428,26.051160714285714,4.079646017699115,3,-16.32642881460754,-48.948840165919,Goiás,0.02654867256637168
porto velho,113,201.27091743119266,38.379724770642206,3.9911504424778763,1,-8.772896534903744,-63.898605375630005,Rondônia,0.008849557522123894
passo fundo,113,134.71867256637165,26.02353982300885,4.176991150442478,"",-28.263963126028308,-52.454514140431755,Rio Grande do Sul,""
gravatai,112,170.62517857142853,23.297678571428577,4.169642857142857,"",-29.932412057713993,-51.01846072142388,Rio Grande do Sul,""
mage,111,145.82567567567563,23.20630630630631,4.0,1,-22.638046174252487,-43.12607126337052,Rio de Janeiro,0.009009009009009009
belford roxo,111,125.52207207207205,23.597927927927934,3.5982142857142856,2,-22.73723765866894,-43.38429246281137,Rio de Janeiro,0.018018018018018018
ferraz de vasconcelos,111,142.05657657657656,16.824324324324323,4.243243243243243,3,-23.54129618306675,-46.37365761171487,São Paulo,0.02702702702702703
aparecida de goiania,110,132.3132727272727,22.161636363636365,4.027272727272727,1,-16.777094163599212,-49.27556867811581,Goiás,0.00909090909090909
palmas,110,181.1236697247706,40.43862385321101,4.054054054054054,"",-10.215255592679853,-48.32575133729766,Tocantins,""
palmas,110,181.1236697247706,40.43862385321101,4.054054054054054,"",-26.485010427834766,-51.99006235031652,Paraná,""
franco da rocha,109,92.86422018348624,16.248899082568805,4.155963302752293,2,-23.316172347791152,-46.72582117346966,São Paulo,0.01834862385321101
ribeirao pires,109,94.85635514018692,15.242990654205608,4.146788990825688,6,-23.7041588584869,-46.40744088300768,São Paulo,0.05504587155963303
nilopolis,107,128.20728971962617,22.425233644859812,3.878504672897196,2,-22.809790478260414,-43.41822273123849,Rio de Janeiro,0.018691588785046728
sao leopoldo,105,106.3910576923077,20.774134615384618,4.123809523809523,2,-29.76480641007164,-51.139326336441606,Rio Grande do Sul,0.01904761904761905
chapeco,103,148.7597087378641,23.57766990291262,3.9029126213592233,1,-27.09668226891065,-52.62097613371527,Santa Catarina,0.009708737864077669
chapeco,103,148.7597087378641,23.57766990291262,3.9029126213592233,2,-27.09668226891065,-52.62097613371527,Santa Catarina,0.019417475728155338
caieiras,102,136.24519999999995,15.796,4.049019607843137,1,-23.365135261940797,-46.73566482431409,São Paulo,0.00980392156862745
pindamonhangaba,101,129.40752475247524,17.52653465346535,4.405940594059406,"",-22.929384305325527,-45.44263294610262,São Paulo,""
ribeirao das neves,101,128.02464646464645,22.35525252525253,4.099009900990099,2,-19.78076423605794,-44.06121321867438,Minas Gerais,0.019801980198019802
botucatu,101,170.09405940594056,18.55029702970297,4.138613861386139,4,-22.882112535459964,-48.44701223244297,São Paulo,0.039603960396039604
cajamar,101,99.73000000000002,17.423737373737374,4.0,2,-23.369586747930345,-46.84232153418722,São Paulo,0.019801980198019802
francisco morato,100,95.56438775510206,14.448979591836732,4.22,1,-23.280906795824254,-46.74128376881102,São Paulo,0.01
patos de minas,100,167.91969999999995,25.5501,4.00990099009901,2,-18.588562538569025,-46.51218847404725,Minas Gerais,0.02
santa luzia,100,123.41285714285713,23.01265306122449,3.9,"",-19.784520375060115,-43.902982542564395,Minas Gerais,""
santa luzia,100,123.41285714285713,23.01265306122449,3.9,"",-3.989193441879884,-45.671190003174516,Maranhão,""
santa luzia,100,123.41285714285713,23.01265306122449,3.9,"",-6.872211982859129,-36.917456203062436,Paraïba,""
santa luzia,100,123.41285714285713,23.01265306122449,3.9,"",-15.432317782769118,-39.329811266604956,Bahia,""
santa luzia,100,123.41285714285713,23.01265306122449,3.9,"",-29.974089269182752,-50.19950034276832,Rio Grande do Sul,""
balneario camboriu,100,169.58379999999997,24.5052,4.2,3,-26.9901242471923,-48.633114373691896,Santa Catarina,0.03
itapecerica da serra,98,89.17122448979592,15.37826530612245,3.9693877551020407,4,-23.718320952615514,-46.83834116251064,São Paulo,0.04081632653061224
nova lima,98,213.89846938775506,23.732551020408163,4.0,1,-20.007035015080355,-43.90569776372665,Minas Gerais,0.01020408163265306
guaratingueta,98,153.6575,19.188333333333336,4.18,1,-22.7999944837546,-45.19355251131392,São Paulo,0.01020408163265306
itatiba,97,124.21969072164948,16.337113402061853,4.154639175257732,4,-23.010064480685877,-46.836993895792645,São Paulo,0.041237113402061855
palhoca,95,121.70340425531917,22.448191489361704,3.8105263157894735,1,-27.66074713935533,-48.66757051412945,Santa Catarina,0.010526315789473684
palhoca,95,121.70340425531917,22.448191489361704,3.8105263157894735,7,-27.66074713935533,-48.66757051412945,Santa Catarina,0.07368421052631578
vinhedo,95,97.37095744680852,16.65914893617021,4.105263157894737,"",-23.038252646431907,-46.9800258542323,São Paulo,""
salto,95,113.92968085106385,15.712021276595744,4.2,9,-23.196762532604946,-47.29260635951403,São Paulo,0.09473684210526316
araras,94,141.78053191489363,19.785957446808514,4.361702127659575,3,-22.357745988322254,-47.37554553542299,São Paulo,0.031914893617021274
itajuba,94,150.1659574468085,25.42127659574468,4.25531914893617,"",-22.42754484908587,-45.45660671471727,Minas Gerais,""
olinda,93,141.39548387096772,26.884516129032257,4.0,"",-7.990892083321361,-34.857306360459255,Pernambuco,""
criciuma,93,167.63130434782605,25.979891304347827,3.89247311827957,4,-28.684533006297166,-49.37750467500366,Santa Catarina,0.043010752688172046
mogi-guacu,93,136.85516483516483,16.686923076923076,4.225806451612903,"",-22.35612015503117,-46.94205920344709,São Paulo,""
vitoria da conquista,92,183.30222222222224,33.91922222222222,3.946236559139785,"",-14.859600725378753,-40.841904237073955,Bahia,""
vicosa,91,181.03351648351642,25.47582417582418,4.0,2,-20.7543418685196,-42.87795560248504,Minas Gerais,0.02197802197802198
vicosa,91,181.03351648351642,25.47582417582418,4.0,2,-9.374547460586427,-36.24330797920324,Alagoas,0.02197802197802198
vicosa,91,181.03351648351642,25.47582417582418,4.0,2,-5.992472687151518,-37.944090322271194,Rio Grande do Norte,0.02197802197802198
jaragua do sul,89,145.6916853932584,26.848202247191015,4.044943820224719,9,-26.48392090658461,-49.09346022232564,Santa Catarina,0.10112359550561797
varginha,89,159.80898876404493,23.639101123595506,4.344444444444444,4,-21.56132709360479,-45.436518686602305,Minas Gerais,0.0449438202247191
caraguatatuba,89,153.82795454545453,22.300340909090913,3.966666666666667,"",-23.637327711077546,-45.41383022299347,São Paulo,""
ananindeua,88,205.40045454545452,35.92738636363636,3.933333333333333,"",-1.3664682374065154,-48.40141600314842,Pará,""
foz do iguacu,87,133.1767816091954,26.624022988505747,4.057471264367816,5,-25.520882398937516,-54.56464238659438,Paraná,0.05747126436781609
votorantim,85,128.2496470588235,15.810941176470589,4.294117647058823,4,-23.54726588012212,-47.45058667876495,São Paulo,0.047058823529411764
lages,85,135.00130952380954,28.02630952380953,4.329411764705882,2,-27.813278053059904,-50.322299218404844,Santa Catarina,0.023529411764705882
lages,85,135.00130952380954,28.02630952380953,4.329411764705882,2,-4.012779999999964,-38.69999999999993,Ceará,0.023529411764705882
poa,85,109.92294117647057,17.180588235294117,4.080459770114943,1,-23.526764005818002,-46.34701941573557,São Paulo,0.011764705882352941
angra dos reis,85,222.2710588235294,32.4904705882353,3.8488372093023258,1,-22.99505330727889,-44.35328502084302,Rio de Janeiro,0.011764705882352941
jandira,85,98.33892857142858,16.64095238095238,4.136363636363637,"",-23.541060858353738,-46.90344430260754,São Paulo,""
conselheiro lafaiete,84,112.31392857142858,20.92869047619048,4.0,3,-20.65807672905485,-43.78017241246162,Minas Gerais,0.03571428571428571
assis,84,145.22892857142855,19.28666666666666,4.529411764705882,8,-22.658497062224928,-50.41828219858366,São Paulo,0.09523809523809523
lavras,83,160.21385542168676,24.219397590361446,3.880952380952381,"",-21.244711413159234,-44.99919552691308,Minas Gerais,""
lorena,83,95.96409638554218,18.151686746987952,4.433734939759036,2,-22.73720012673803,-45.11555313440955,São Paulo,0.024096385542168676
sao joao da boa vista,82,145.51617283950617,22.486049382716054,4.280487804878049,1,-21.978274580436416,-46.79050499411805,São Paulo,0.012195121951219513
itanhaem,80,132.99037974683543,23.18835443037975,4.15,"",-24.183167351085636,-46.80208758078426,São Paulo,""
ourinhos,80,162.89649350649347,23.035714285714292,4.125,1,-22.97892238436809,-49.8735547794906,São Paulo,0.0125
barbacena,80,153.70762499999998,25.313625000000002,4.222222222222222,1,-21.219352072707792,-43.77145736524311,Minas Gerais,0.0125
varzea paulista,80,138.20743589743586,24.093589743589742,3.654320987654321,1,-23.214140993260514,-46.83343176734841,São Paulo,0.0125
itabira,79,133.47455696202533,27.814810126582277,3.8354430379746836,1,-19.63421624466147,-43.2235965122619,Minas Gerais,0.012658227848101266
birigui,79,187.32487179487177,25.839615384615392,4.333333333333333,10,-21.291485938836868,-50.33834102472449,São Paulo,0.12658227848101267
cubatao,79,88.5573417721519,14.878354430379748,4.325,"",-23.904395331212207,-46.42294141770256,São Paulo,""
sao roque,79,123.10679487179488,16.995641025641024,4.3924050632911396,7,-23.535588995083053,-47.12790159336947,São Paulo,0.08860759493670886
itapetininga,78,158.86857142857144,23.578831168831172,4.115384615384615,2,-23.587600964830145,-48.04508320649602,São Paulo,0.02564102564102564
araxa,78,172.84486842105264,26.457894736842103,3.782051282051282,2,-19.592272553654016,-46.93908706424618,Minas Gerais,0.02564102564102564
araruama,77,223.36610389610388,25.933246753246756,3.6103896103896105,"",-22.869309765672,-42.32125599263828,Rio de Janeiro,""
mogi mirim,76,118.56539473684212,15.356315789473687,4.215189873417722,3,-22.433009217820057,-46.96110466508603,São Paulo,0.039473684210526314
ubatuba,76,117.11618421052631,18.45171052631579,3.896103896103896,1,-23.45292929995693,-45.0932194085285,São Paulo,0.013157894736842105
mesquita,76,120.94631578947372,23.854868421052632,3.5789473684210527,3,-22.78350564873647,-43.42440928433379,Rio de Janeiro,0.039473684210526314
mesquita,76,120.94631578947372,23.854868421052632,3.5789473684210527,3,-19.903270682184687,-42.7658420897665,Minas Gerais,0.039473684210526314
catanduva,75,135.33106666666666,17.0728,3.986666666666667,10,-21.136969013718122,-48.97216028148744,São Paulo,0.13333333333333333
tatui,75,155.21958904109593,19.196027397260277,4.293333333333333,3,-23.350759873377086,-47.84772228616046,São Paulo,0.04
lauro de freitas,75,119.39840000000001,30.875999999999998,3.736842105263158,2,-12.884900331298656,-38.31467051487966,Bahia,0.02666666666666667
teofilo otoni,75,103.2564,24.565333333333335,4.24,"",-17.861860826922978,-41.50636627107563,Minas Gerais,""
mairipora,75,121.16506666666668,16.7772,4.413333333333333,2,-23.330293289806153,-46.59743670114032,São Paulo,0.02666666666666667
cacapava,74,137.29824324324323,21.521351351351353,4.16,"",-23.102906919560226,-45.70562213632428,São Paulo,""
rio branco,74,189.7054054054054,41.736756756756755,3.945945945945946,1,-15.240463949187793,-58.11313764020772,Mato Grosso,0.013513513513513514
rio branco,74,189.7054054054054,41.736756756756755,3.945945945945946,1,-9.966258607711323,-67.8266029352306,Acre,0.013513513513513514
jau,74,129.59671232876715,18.99945205479452,4.24,4,-22.291349194509294,-48.5575533816562,São Paulo,0.05405405405405406
viamao,73,91.16575342465755,21.052465753424656,3.8493150684931505,2,-30.076596374990327,-51.06469323950282,Rio Grande do Sul,0.0273972602739726
barretos,73,130.15027397260275,18.625616438356165,4.253333333333333,4,-20.559626185890153,-48.56778512061987,São Paulo,0.0547945205479452
ilheus,72,123.70472222222224,29.323888888888884,3.7083333333333335,1,-14.802192122988787,-39.03982389235803,Bahia,0.013888888888888888
cachoeirinha,72,129.1284722222222,23.306805555555556,4.0675675675675675,3,-6.120011612921714,-47.920325801633,Tocantins,0.041666666666666664
cachoeirinha,72,129.1284722222222,23.306805555555556,4.0675675675675675,3,-29.925837646920016,-51.08405863874121,Rio Grande do Sul,0.041666666666666664
cachoeirinha,72,129.1284722222222,23.306805555555556,4.0675675675675675,3,-8.48900749300668,-36.23606169370395,Pernambuco,0.041666666666666664
toledo,71,143.62342857142858,23.35742857142857,4.084507042253521,8,-22.74325070856608,-46.373796530565,Minas Gerais,0.11267605633802817
toledo,71,143.62342857142858,23.35742857142857,4.084507042253521,8,-24.72884987764649,-53.73948376398966,Paraná,0.11267605633802817
pinhais,69,130.02716417910446,21.41820895522388,4.173913043478261,1,-25.430260607564257,-49.178535324373165,Paraná,0.014492753623188406
pinhais,69,130.02716417910446,21.41820895522388,4.173913043478261,7,-25.430260607564257,-49.178535324373165,Paraná,0.10144927536231885
aruja,69,110.35913043478261,16.049275362318838,4.185714285714286,3,-23.4007455367667,-46.32283993145812,São Paulo,0.043478260869565216
pirassununga,69,123.91782608695655,19.071014492753626,4.405797101449275,1,-21.996671736530615,-47.419981543807445,São Paulo,0.014492753623188406
campina grande,68,257.3607352941176,77.68764705882353,4.102941176470588,1,-7.230652881654887,-35.8890788494615,Paraïba,0.014705882352941176
sao joao del rei,67,123.85029850746268,23.761492537313437,4.343283582089552,2,-21.130506152611296,-44.249390890230515,Minas Gerais,0.029850746268656716
amparo,67,178.05424242424246,18.9430303030303,4.3283582089552235,5,-7.567200620856406,-37.06092390413923,Paraïba,0.07462686567164178
amparo,67,178.05424242424246,18.9430303030303,4.3283582089552235,5,-22.70833483283636,-46.779826996089206,São Paulo,0.07462686567164178
rio verde,67,147.8446153846154,36.97415384615384,3.7205882352941178,1,-17.798027631733337,-50.92189186283829,Goiás,0.014925373134328358
rio verde,67,147.8446153846154,36.97415384615384,3.7205882352941178,1,-24.474612953774336,-52.87775898122082,Paraná,0.014925373134328358
guarapari,67,157.37925373134328,22.040746268656715,4.044776119402985,"",-20.66140344988511,-40.496397340898085,Espírito Santo,""
rondonopolis,65,188.35446153846152,28.65523076923077,4.08955223880597,"",-16.462661192463678,-54.62797780134871,Mato Grosso,""
colatina,65,106.5463076923077,25.034,3.923076923076923,1,-19.529844275091957,-40.63956105804315,Espírito Santo,0.015384615384615385
petrolina,65,220.19999999999993,40.55338461538462,4.230769230769231,"",-9.384439018067077,-40.50488990286944,Pernambuco,""
linhares,65,187.86784615384616,32.544615384615376,4.134328358208955,"",-19.3834438458518,-40.0598376945347,Espírito Santo,""
bage,65,149.77206349206352,21.527936507936513,4.2615384615384615,1,-31.32508106375457,-54.10372230962072,Rio Grande do Sul,0.015384615384615385
manhuacu,65,132.96875,24.321875,4.3076923076923075,"",-20.251431112193043,-42.041233696312275,Minas Gerais,""
guarapuava,65,134.77265625,23.3153125,4.246153846153846,1,-25.390422542951157,-51.47156645197742,Paraná,0.015384615384615385
avare,64,133.0630158730159,21.119047619047624,4.109375,1,-23.101661110048383,-48.923743286031545,São Paulo,0.015625
muriae,64,172.1159375,25.01046875,4.40625,1,-21.130908661434777,-42.371277616616744,Minas Gerais,0.015625
caruaru,64,148.99515624999998,47.5553125,4.328125,2,-8.280838827967244,-35.971427841800576,Pernambuco,0.03125
dourados,64,139.1828125,26.389687500000008,4.159420289855072,"",-22.227621892638428,-54.805985543544246,Mato Grosso do Sul,""
parnamirim,63,149.2522222222222,32.97698412698413,4.21875,1,-8.09155063175857,-39.58027764245356,Pernambuco,0.015873015873015872
parnamirim,63,149.2522222222222,32.97698412698413,4.21875,1,-5.900784348278867,-35.2313475874935,Rio Grande do Norte,0.015873015873015872
paracatu,63,133.81603174603174,27.806507936507934,4.142857142857143,"",-17.23103382640479,-46.868966235925896,Minas Gerais,""
votuporanga,63,132.90317460317462,21.70301587301587,4.603174603174603,4,-20.41831349447959,-49.97354155865328,São Paulo,0.06349206349206349
valenca,63,166.3556451612903,27.460967741935484,3.9682539682539684,"",-13.367279721593324,-39.071764790048796,Bahia,""
valenca,63,166.3556451612903,27.460967741935484,3.9682539682539684,"",-22.246146949606604,-43.709245436400515,Rio de Janeiro,""
itabuna,62,139.73311475409832,26.64918032786885,3.873015873015873,"",-14.79518836379059,-39.27648684317408,Bahia,""
sertaozinho,62,111.03435483870967,18.058709677419362,4.238095238095238,"",-6.7522336566575865,-35.439761272018345,Paraïba,""
sertaozinho,62,111.03435483870967,18.058709677419362,4.238095238095238,"",-21.131615322790967,-47.99310924386883,São Paulo,""
caratinga,62,156.29451612903227,24.53532258064516,4.080645161290323,1,-19.78687714929477,-42.13746238135896,Minas Gerais,0.016129032258064516
jaguariuna,62,139.3831147540984,21.245573770491806,4.048387096774194,4,-22.693353826820243,-46.987836013949334,São Paulo,0.06451612903225806
colombo,62,123.47377049180328,26.930163934426226,4.129032258064516,8,-25.351423377485197,-49.18943188648105,Paraná,0.12903225806451613
santa cruz do sul,62,167.1109677419355,26.028548387096773,4.193548387096774,1,-29.719205251395316,-52.42669616762677,Rio Grande do Sul,0.016129032258064516
camacari,61,119.57737704918033,24.682786885245903,3.278688524590164,"",-12.701748042473287,-38.32394334765692,Bahia,""
sao sebastiao,61,184.00566666666666,22.700833333333335,3.918032786885246,1,-23.7798199808521,-45.53623411940633,São Paulo,0.01639344262295082
sao sebastiao,61,184.00566666666666,22.700833333333335,3.918032786885246,1,-9.939623308636921,-36.550742706252834,Alagoas,0.01639344262295082
sao sebastiao,61,184.00566666666666,22.700833333333335,3.918032786885246,1,-15.903838992500766,-47.77235288790109,District fédéral,0.01639344262295082
brusque,60,140.35916666666668,21.5545,4.383333333333334,10,-27.100857082718772,-48.91495449463352,Santa Catarina,0.16666666666666666
paranagua,60,154.07416666666666,26.78516666666667,3.75,"",-25.53235699523439,-48.53096794687723,Paraná,""
itaborai,60,118.9045,21.632333333333335,3.8333333333333335,1,-22.75276522402979,-42.87664423086164,Rio de Janeiro,0.016666666666666666
tubarao,60,176.76883333333333,25.327333333333335,4.166666666666667,5,-28.4806823812006,-49.0106209686964,Santa Catarina,0.08333333333333333
lagoa santa,60,142.38932203389828,22.376101694915256,4.15625,1,-19.6365201044844,-43.89965142692269,Minas Gerais,0.016666666666666666
lagoa santa,60,142.38932203389828,22.376101694915256,4.15625,1,-19.182993807872656,-51.39898267475399,Goiás,0.016666666666666666
erechim,58,111.6944827586207,24.232758620689662,3.8666666666666667,1,-27.639169118303382,-52.27064372191643,Rio Grande do Sul,0.017241379310344827
itapeva,58,116.41982456140353,18.427719298245616,4.120689655172414,1,-23.98409419654112,-48.88192404218362,São Paulo,0.017241379310344827
itapeva,58,116.41982456140353,18.427719298245616,4.120689655172414,1,-22.768385385405164,-46.22257084261663,Minas Gerais,0.017241379310344827
ouro preto,57,122.52785714285714,25.984999999999996,3.9298245614035086,1,-20.38924295712821,-43.5104335256915,Minas Gerais,0.017543859649122806
itauna,57,139.35000000000002,22.687368421052632,4.333333333333333,2,-20.078233564492294,-44.580701861250176,Minas Gerais,0.03508771929824561
campo mourao,56,129.6342857142857,23.57446428571429,4.089285714285714,1,-24.037944861514262,-52.37745670216547,Paraná,0.017857142857142856
ituiutaba,56,100.87036363636365,22.671454545454548,4.385964912280702,"",-18.976155023374968,-49.46335244818041,Minas Gerais,""
bento goncalves,56,124.15563636363639,27.832545454545453,4.178571428571429,3,-29.165160642374843,-51.514184628485836,Rio Grande do Sul,0.05357142857142857
cruzeiro,56,109.09821428571429,24.094107142857144,4.017857142857143,1,-22.572679309827894,-44.96163046993115,São Paulo,0.017857142857142856
cruzeiro,56,109.09821428571429,24.094107142857144,4.017857142857143,1,-15.79961268545358,-47.9326496249254,District fédéral,0.017857142857142856
alvorada,56,137.53928571428574,28.943928571428575,4.125,1,-30.008429725047428,-51.06694091984411,Rio Grande do Sul,0.017857142857142856
alvorada,56,137.53928571428574,28.943928571428575,4.125,1,-12.478669410006965,-49.12290484577028,Tocantins,0.017857142857142856
alvorada,56,137.53928571428574,28.943928571428575,4.125,1,-19.88896729373426,-45.14923651880442,Minas Gerais,0.017857142857142856
itapira,55,139.25074074074075,20.101481481481482,4.2,"",-22.43461652802295,-46.8214690627363,São Paulo,""
lins,55,167.09018181818183,21.99581818181818,4.072727272727272,"",-21.67607880099038,-49.74967284487655,São Paulo,""
araucaria,54,94.18703703703706,21.662407407407407,3.9444444444444446,2,-25.58142150899515,-49.38809273708958,Paraná,0.037037037037037035
araguari,54,201.28740740740741,21.841111111111108,4.363636363636363,4,-18.647788194887667,-48.19413419921392,Minas Gerais,0.07407407407407407
queimados,54,114.01388888888889,22.66018518518519,3.9444444444444446,1,-22.714677967643738,-43.56344900678065,Rio de Janeiro,0.018518518518518517
queimados,54,114.01388888888889,22.66018518518519,3.9444444444444446,1,-4.129987743899816,-38.49803687687897,Ceará,0.018518518518518517
jaboticabal,54,124.18555555555557,21.639074074074074,4.055555555555555,2,-21.256827223670914,-48.320153673419505,São Paulo,0.037037037037037035
timoteo,54,146.8635849056604,23.72358490566038,4.181818181818182,1,-19.553802668701096,-42.63862085557866,Minas Gerais,0.018518518518518517
unai,54,126.39611111111111,22.94666666666667,4.072727272727272,"",-16.363893984354036,-46.89502468433822,Minas Gerais,""
macapa,54,212.07259259259257,41.002037037037034,4.185185185185185,"",0.03498771410048145,-51.0696626869925,Amapá,""
barra do pirai,54,102.65574074074074,19.453518518518518,3.9074074074074074,"",-22.47477768374266,-43.82426188311747,Rio de Janeiro,""
jatai,54,185.93277777777777,24.029074074074074,3.925925925925926,"",-17.883395900542084,-51.723330182596634,Goiás,""
uba,53,120.18415094339623,25.740377358490562,4.0,6,-21.113979078613283,-42.94508443159539,Minas Gerais,0.11320754716981132
tupa,53,124.67365384615385,19.38288461538462,4.339622641509434,4,-21.93295130907142,-50.513197169388555,São Paulo,0.07547169811320754
pato branco,53,170.71018867924528,29.28188679245283,4.264150943396227,2,-26.2292653183319,-52.67524722580873,Paraná,0.03773584905660377
fernandopolis,53,140.47283018867927,18.191509433962267,4.377358490566038,4,-20.284036123246057,-50.24980947569005,São Paulo,0.07547169811320754
ijui,52,107.39326923076925,24.725192307692307,4.346153846153846,"",-28.38771525411136,-53.915909120886596,Rio Grande do Sul,""
cosmopolis,52,129.76538461538462,19.310576923076926,4.134615384615385,2,-22.63983169287734,-47.18873618575788,São Paulo,0.038461538461538464
matao,52,138.60980769230767,23.88576923076923,4.5,"",-21.607549479565147,-48.3593954985244,São Paulo,""
francisco beltrao,52,144.06500000000003,22.071346153846154,3.980769230769231,4,-26.070802536402585,-53.05293288655347,Paraná,0.07692307692307693
barreiras,52,212.38326923076923,36.57365384615384,3.981132075471698,"",-12.14829144007139,-44.96726006078332,Bahia,""
apucarana,52,140.07115384615386,29.369230769230764,4.326923076923077,8,-23.554896617582095,-51.45635322819143,Paraná,0.15384615384615385
joao monlevade,51,136.46764705882353,25.59098039215686,4.423076923076923,1,-19.8212585325988,-43.17302546294978,Minas Gerais,0.0196078431372549
nova serrana,51,154.04431372549016,24.926274509803925,3.9019607843137254,"",-19.8740600443073,-44.98701334631973,Minas Gerais,""
lajeado,51,160.55705882352942,27.981764705882355,4.245283018867925,5,-29.4556790949698,-51.970375369847126,Rio Grande do Sul,0.09803921568627451
lajeado,51,160.55705882352942,27.981764705882355,4.245283018867925,5,-9.753702991664655,-48.355778305601746,Tocantins,0.09803921568627451
bebedouro,51,97.89980392156865,22.502352941176472,4.333333333333333,1,-20.943887781782355,-48.48609167648659,São Paulo,0.0196078431372549
concordia,50,119.26780000000001,25.535800000000005,3.94,1,-27.231458579661965,-52.02565579643883,Santa Catarina,0.02
boituva,50,151.26632653061225,23.36387755102041,4.076923076923077,3,-23.2874269483057,-47.67058614671448,São Paulo,0.06
registro,50,136.7058695652174,19.519782608695653,4.019230769230769,2,-24.498837779550914,-47.84616128650985,São Paulo,0.04
leme,50,163.05839999999998,20.0818,4.2,1,-22.185288219344297,-47.38562111524041,São Paulo,0.02
ibirite,50,148.21359999999999,22.520800000000005,4.02,1,-20.01416100333527,-44.06822163951433,Minas Gerais,0.02
bertioga,49,198.34479166666665,22.293125000000003,3.92,1,-23.81839039683,-46.080623703430746,São Paulo,0.02040816326530612
itaguai,48,133.7029166666667,23.317916666666665,3.9375,"",-22.870432145449524,-43.78675548014116,Rio de Janeiro,""
uruguaiana,48,96.95750000000002,22.055000000000003,4.469387755102041,1,-29.765154720951497,-57.0808672091093,Rio Grande do Sul,0.020833333333333332
sao mateus,48,139.78659574468085,23.609787234042553,4.3125,"",-18.722365603281947,-39.844795212034825,Espírito Santo,""
campo limpo paulista,48,104.44458333333334,17.24791666666667,4.354166666666667,2,-23.212216767342458,-46.77576640852018,São Paulo,0.041666666666666664
patrocinio,47,148.2071739130435,28.05804347826087,3.851063829787234,"",-18.943309100445795,-46.990779458038965,Minas Gerais,""
videira,47,172.50212765957446,32.00617021276596,3.8297872340425534,2,-27.006353037969625,-51.15060009982839,Santa Catarina,0.0425531914893617
paranavai,47,157.15108695652177,25.010869565217398,4.212765957446808,1,-23.0814594221865,-52.457861438351536,Paraná,0.02127659574468085
itaperuna,47,148.16106382978725,23.786595744680845,3.8541666666666665,"",-21.203166635874716,-41.89456730572591,Rio de Janeiro,""
saquarema,47,101.58804347826087,24.248695652173915,4.061224489795919,1,-22.910727747991768,-42.494631137135315,Rio de Janeiro,0.02127659574468085
sao pedro da aldeia,46,101.57456521739131,22.620434782608694,3.9130434782608696,1,-22.819370232298194,-42.12980873958974,Rio de Janeiro,0.021739130434782608
ilhabela,46,73.02844444444443,18.352666666666668,4.239130434782608,"",-23.81452622279837,-45.36872586432735,São Paulo,""
santo angelo,46,118.11434782608698,24.89934782608696,4.1521739130434785,1,-28.299476598532895,-54.26272851250882,Rio Grande do Sul,0.021739130434782608
sinop,46,147.15113636363637,35.85840909090909,3.9782608695652173,1,-11.858331723837866,-55.5084633154135,Mato Grosso,0.021739130434782608
embu-guacu,46,135.75391304347826,17.785652173913043,4.130434782608695,"",-23.836109448627155,-46.81402739796183,São Paulo,""
boa vista,45,171.98955555555554,47.85333333333334,3.6,"",2.8252109677479007,-60.69812038919214,Roraima,""
boa vista,45,171.98955555555554,47.85333333333334,3.6,"",-16.14474999999996,-54.66108499999996,Mato Grosso,""
boa vista,45,171.98955555555554,47.85333333333334,3.6,"",-7.2643587599279815,-36.24154110263388,Paraïba,""
sao bento do sul,45,110.67954545454546,28.080681818181823,4.333333333333333,3,-26.244738070169774,-49.38665935466757,Santa Catarina,0.06666666666666667
lencois paulista,45,156.28418604651162,19.65720930232558,4.391304347826087,6,-22.59916693535932,-48.79946335592989,São Paulo,0.13333333333333333
vespasiano,45,143.5486046511628,21.770232558139533,3.888888888888889,1,-19.73109725363684,-43.941465688797514,Minas Gerais,0.022222222222222223
itupeva,44,121.71613636363635,21.993409090909093,3.4545454545454546,"",-17.474623306352317,-40.29762801918346,Bahia,""
itupeva,44,121.71613636363635,21.993409090909093,3.4545454545454546,"",-23.157306228305913,-47.054060446426554,São Paulo,""
santarem,44,122.44681818181817,42.84045454545454,3.0681818181818183,"",-2.4364074564533196,-54.71924163407513,Pará,""
extrema,44,124.49613636363638,21.788181818181815,3.8181818181818183,1,-22.85547822328912,-46.319501271003986,Minas Gerais,0.022727272727272728
extrema,44,124.49613636363638,21.788181818181815,3.8181818181818183,1,-11.848223140622189,-60.40766715571303,Rondônia,0.022727272727272728
vargem grande paulista,44,132.58068181818183,17.327045454545456,4.068181818181818,1,-23.622633411415183,-47.012704172183945,São Paulo,0.022727272727272728
curvelo,44,128.86046511627907,27.752790697674417,3.522727272727273,"",-18.76341842229982,-44.43315677131984,Minas Gerais,""
peruibe,44,151.84136363636364,26.923181818181817,3.933333333333333,"",-24.303242483106608,-46.98718317089528,São Paulo,""
juazeiro,44,174.48363636363635,29.029545454545453,3.5681818181818183,"",-9.424867585551826,-40.50167448540273,Bahia,""
louveira,44,108.5868181818182,18.60772727272727,4.25,1,-23.08550507419915,-46.95954096067056,São Paulo,0.022727272727272728
itapema,44,138.86068181818183,25.535227272727276,4.25,1,-27.104775732473907,-48.622296201371384,Santa Catarina,0.022727272727272728
sao jose do rio pardo,44,116.0509090909091,19.654772727272725,3.772727272727273,2,-21.58334995848822,-46.9440675296209,São Paulo,0.045454545454545456
passos,43,98.77395348837211,21.91930232558139,4.186046511627907,1,-20.722383701952474,-46.60862610499824,Minas Gerais,0.023255813953488372
alfenas,43,124.4260465116279,27.65418604651163,4.116279069767442,2,-21.423970169543438,-45.951363503161254,Minas Gerais,0.046511627906976744
guaira,43,105.09348837209303,20.553720930232558,4.255813953488372,1,-24.08699378317974,-54.25106783587238,Paraná,0.023255813953488372
guaira,43,105.09348837209303,20.553720930232558,4.255813953488372,1,-20.324604404899883,-48.31925326240473,São Paulo,0.023255813953488372
guaira,43,105.09348837209303,20.553720930232558,4.255813953488372,1,-24.08699378317974,-54.25106783587238,Paraná,0.023255813953488372
guaira,43,105.09348837209303,20.553720930232558,4.255813953488372,1,-20.324604404899883,-48.31925326240473,São Paulo,0.023255813953488372
andradina,43,158.00976744186048,19.942325581395348,4.0,"",-20.899218031973824,-51.377380577639826,São Paulo,""
artur nogueira,43,147.06536585365853,19.89317073170732,3.840909090909091,3,-22.57120786162832,-47.1657687687331,São Paulo,0.06976744186046512
tres coracoes,43,109.60560975609758,23.960731707317073,3.7906976744186047,3,-21.693411847950614,-45.2598347629678,Minas Gerais,0.06976744186046512
varzea grande,42,167.98928571428573,27.480952380952377,3.761904761904762,"",-15.501499431612231,-56.00415171429634,Mato Grosso,""
varzea grande,42,167.98928571428573,27.480952380952377,3.761904761904762,"",-6.547716498752716,-42.2502604118364,Piauí,""
tres lagoas,42,176.9361904761905,26.514999999999997,3.7142857142857144,"",-20.786666165397005,-51.700022946034714,Mato Grosso do Sul,""
paulista,42,147.91357142857146,33.08833333333333,3.6904761904761907,"",-6.598378754488047,-37.62309129188836,Paraïba,""
paulista,42,147.91357142857146,33.08833333333333,3.6904761904761907,"",-7.931923332078021,-34.858378328399,Pernambuco,""
paulista,42,147.91357142857146,33.08833333333333,3.6904761904761907,"",-18.664810370831788,-40.79495699999999,Espírito Santo,""
sabara,42,106.70904761904764,20.29952380952381,4.119047619047619,1,-19.88332697392784,-43.84763753471688,Minas Gerais,0.023809523809523808
mongagua,42,127.79833333333335,20.586666666666662,4.190476190476191,"",-24.11146693887206,-46.66461090660171,São Paulo,""
pirapora,42,161.97785714285718,24.740238095238098,4.357142857142857,"",-21.981649507710284,-54.676639780055396,Mato Grosso do Sul,""
pirapora,42,161.97785714285718,24.740238095238098,4.357142857142857,"",-17.340845395897375,-44.933534144970075,Minas Gerais,""
aracruz,41,101.60175000000001,25.972749999999998,3.707317073170732,"",-19.847690429635854,-40.22863699645417,Espírito Santo,""
umuarama,41,144.263,20.81225,3.951219512195122,4,-23.76369629845646,-53.30627709706744,Paraná,0.0975609756097561
esteio,41,159.06975609756097,23.031219512195122,3.731707317073171,"",-29.851230890434806,-51.162555399129864,Rio Grande do Sul,""
porto seguro,41,322.25225,36.85825,3.341463414634146,1,-16.434201383233706,-39.07667364956727,Bahia,0.024390243902439025
ponte nova,41,177.67225000000002,24.58625,4.048780487804878,1,-20.410110572814006,-42.89889898447682,Minas Gerais,0.024390243902439025
coronel fabriciano,41,102.48048780487804,18.897073170731705,4.073170731707317,2,-19.509009469549575,-42.6202516599848,Minas Gerais,0.04878048780487805
araguaina,41,200.0863414634146,40.124146341463415,3.7560975609756095,"",-7.194145689018867,-48.208708988639856,Tocantins,""
ouro branco,41,107.78609756097562,21.086829268292682,4.095238095238095,"",-6.703844963849065,-36.94537041581259,Rio Grande do Norte,""
ouro branco,41,107.78609756097562,21.086829268292682,4.095238095238095,"",-9.162032471195122,-37.35768500696774,Alagoas,""
ouro branco,41,107.78609756097562,21.086829268292682,4.095238095238095,"",-20.520692144641046,-43.70443546935004,Minas Gerais,""
alagoinhas,40,156.23075,29.4775,4.2,"",-12.136744532665933,-38.42344400813102,Bahia,""
cacador,40,114.2345,22.506,4.35,1,-26.779161148380975,-51.01114985685163,Santa Catarina,0.025
sapucaia do sul,40,142.096,29.620500000000003,3.95,"",-29.828262044389604,-51.14618705557026,Rio Grande do Sul,""
monte mor,40,116.534358974359,13.570512820512821,3.725,"",-22.944389409694335,-47.29535122151839,São Paulo,""
paulo afonso,40,166.47666666666666,34.603589743589744,4.15,"",-9.407129323472061,-38.22261330595956,Bahia,""
tres rios,40,185.32102564102564,21.973589743589745,3.825,1,-22.11162424417085,-43.20446054314709,Rio de Janeiro,0.025
pedro leopoldo,40,126.42525,20.451,4.5,1,-19.613117562252103,-44.039892263544594,Minas Gerais,0.025
sao miguel do oeste,40,153.893,27.1415,3.9,1,-26.733228064055744,-53.517757203889175,Santa Catarina,0.025
imperatriz,40,179.2845,49.335,3.8,"",-5.519378116377779,-47.47729115068585,Maranhão,""
bom despacho,39,123.17184210526315,23.001842105263155,4.0256410256410255,"",-19.740337139221076,-45.25863430864748,Minas Gerais,""
cianorte,39,124.70948717948718,21.227692307692312,4.3,1,-23.661548233399802,-52.61100936204495,Paraná,0.02564102564102564
olimpia,38,158.44702702702702,19.942972972972974,4.052631578947368,1,-20.737113878937226,-48.909363506243395,São Paulo,0.02631578947368421
guanambi,38,124.04243243243245,32.742972972972964,3.736842105263158,1,-14.223207197286877,-42.78339770003472,Bahia,0.02631578947368421
tremembe,38,128.31657894736844,15.438684210526315,4.2894736842105265,"",-22.97482043888918,-45.54766992395828,São Paulo,""
capao da canoa,38,123.47605263157898,24.65763157894737,4.2631578947368425,"",-29.73220533016039,-50.006646838997334,Rio Grande do Sul,""
nova odessa,38,116.80552631578949,19.03842105263158,4.394736842105263,2,-22.785390377709263,-47.29569218047756,São Paulo,0.05263157894736842
eunapolis,38,182.75789473684208,25.578421052631576,3.8421052631578947,1,-16.369546116292028,-39.583584609086934,Bahia,0.02631578947368421
mossoro,37,135.42944444444444,45.66722222222222,3.8378378378378377,"",-5.191232751310818,-37.34559314214885,Rio Grande do Norte,""
para de minas,37,193.56972972972972,22.50027027027027,4.243243243243243,"",-19.861759918516707,-44.6026335520036,Minas Gerais,""
tiete,37,115.07833333333332,20.247500000000002,4.162162162162162,1,-23.101591588809626,-47.71178313273331,São Paulo,0.02702702702702703
penapolis,37,129.09675675675675,20.883243243243243,4.405405405405405,5,-21.42196970536271,-50.07749150574511,São Paulo,0.13513513513513514
campo largo,37,105.2672972972973,22.44108108108108,4.1891891891891895,3,-25.459520177836527,-49.525441888964274,Paraná,0.08108108108108109
vassouras,37,121.39999999999998,22.83135135135135,3.945945945945946,1,-22.40707040376577,-43.66682016186038,Rio de Janeiro,0.02702702702702703
valparaiso de goias,37,146.96891891891892,26.666486486486487,4.131578947368421,"",-16.070054725777442,-47.987237447916236,Goiás,""
guaxupe,37,164.35594594594596,23.94135135135135,4.162162162162162,"",-21.30591649747589,-46.713986152890385,Minas Gerais,""
sobral,36,324.824,55.054,3.7777777777777777,"",-3.6865664243278773,-40.353111756054965,Ceará,""
caldas novas,36,147.2675,25.081666666666663,3.7222222222222223,"",-17.739423770726262,-48.619852631148106,Goiás,""
pedreira,36,80.37777777777777,13.824722222222222,4.083333333333333,9,-22.740325486164828,-46.89675369133934,São Paulo,0.25
itumbiara,36,143.2255555555556,39.293611111111105,4.388888888888889,"",-18.41253010505287,-49.22263253770042,Goiás,""
adamantina,36,150.72138888888887,20.22555555555556,3.9166666666666665,"",-21.695742878741704,-51.046361833976654,São Paulo,""
sao sebastiao do paraiso,36,137.14428571428573,20.276,4.0,"",-20.913799904180784,-46.98649394911619,Minas Gerais,""
jequie,36,137.87764705882353,31.736176470588234,3.9444444444444446,"",-13.861769197352647,-40.08181324118796,Bahia,""
luis eduardo magalhaes,36,231.77416666666664,33.18944444444445,3.5555555555555554,"",-12.092783860172307,-45.80725099687118,Bahia,""
campo bom,36,122.07527777777779,24.68444444444445,4.027777777777778,2,-29.677045008814133,-51.06040344017742,Rio Grande do Sul,0.05555555555555555
alegrete,36,128.1077142857143,23.213428571428572,3.9444444444444446,"",-29.789572584973904,-55.79128645489497,Rio Grande do Sul,""
rio do sul,35,136.51000000000002,26.207999999999995,3.6,4,-27.214542040861854,-49.64117297750649,Santa Catarina,0.11428571428571428
telemaco borba,35,138.04382352941175,22.491764705882353,4.0,"",-24.328968603191065,-50.628250935292975,Paraná,""
maracanau,35,157.1391176470588,34.17588235294118,3.2432432432432434,"",-3.8684937223478406,-38.61231428230599,Ceará,""
santa rita do sapucai,35,111.7342857142857,22.183714285714288,4.0,6,-22.24750533835736,-45.70753959228924,Minas Gerais,0.17142857142857143
capivari,35,139.79882352941175,17.947352941176472,4.2,4,-22.99748379485895,-47.50572510550505,São Paulo,0.11428571428571428
camaragibe,35,104.0822857142857,32.000571428571426,3.942857142857143,"",-8.009755163207393,-34.989413061238125,Pernambuco,""
almirante tamandare,35,121.59114285714287,22.46114285714286,4.25,1,-25.333449013270272,-49.28401729149064,Paraná,0.02857142857142857
arapongas,35,194.64588235294116,25.351176470588236,4.114285714285714,10,-23.40888332472148,-51.43476316842283,Paraná,0.2857142857142857
caucaia,35,167.3331428571429,35.316,3.857142857142857,1,-3.737584371922988,-38.65032917297564,Ceará,0.02857142857142857
santa cruz do rio pardo,35,74.89942857142856,20.619714285714284,4.714285714285714,"",-22.89632848053299,-49.62424016246884,São Paulo,""
santa fe do sul,35,114.13342857142858,19.255999999999997,4.2,"",-20.223124959581995,-50.89986328277344,São Paulo,""
osorio,35,178.60685714285714,27.84314285714286,4.457142857142857,"",-29.89517696588765,-50.25420460933468,Rio Grande do Sul,""
paracambi,35,187.77028571428573,26.979142857142858,3.9714285714285715,1,-22.614833826992143,-43.7056833757486,Rio de Janeiro,0.02857142857142857
imbituba,34,112.89264705882354,20.644411764705882,4.205882352941177,2,-28.23188261767478,-48.67933195388164,Santa Catarina,0.058823529411764705
formosa,34,155.35735294117646,24.763823529411766,3.7941176470588234,2,-15.544024654910437,-47.3322574355854,Goiás,0.058823529411764705
juazeiro do norte,34,206.90529411764706,45.626176470588234,3.588235294117647,"",-7.22254948127452,-39.31611074131908,Ceará,""
catalao,34,160.41264705882352,29.02558823529412,3.5555555555555554,"",-18.16749572318077,-47.94370036018741,Goiás,""
sao joaquim da barra,34,126.54382352941178,19.104411764705883,4.235294117647059,1,-20.586056275962566,-47.863891945009634,São Paulo,0.029411764705882353
mococa,34,185.1755882352941,23.89970588235294,4.257142857142857,1,-21.468741453070763,-47.007679021840644,São Paulo,0.029411764705882353
japeri,34,131.12558823529412,36.01617647058824,4.029411764705882,"",-22.667961804174862,-43.62558741199662,Rio de Janeiro,""
sao lourenco,34,127.96636363636362,23.21424242424242,4.0285714285714285,"",-22.11838929587825,-45.054359574753335,Minas Gerais,""
monte alto,34,77.24272727272728,15.68757575757576,4.5,1,-21.2634592201143,-48.49549672750633,São Paulo,0.029411764705882353
santa rosa,33,90.06181818181818,21.061212121212122,4.235294117647059,2,-27.921370559268947,-54.44175613309933,Rio Grande do Sul,0.06060606060606061
luziania,33,144.2866666666667,25.668181818181825,4.393939393939394,1,-16.22699620661335,-47.944276200301395,Goiás,0.030303030303030304
cruz alta,33,98.50312500000001,21.4009375,4.363636363636363,"",-28.643577447883253,-53.6038962933792,Rio Grande do Sul,""
cataguases,33,138.93515151515152,20.86848484848485,4.181818181818182,1,-21.387342415899237,-42.694497666323876,Minas Gerais,0.030303030303030304
seropedica,33,133.0651515151515,26.21818181818182,3.6363636363636362,"",-22.761651546696875,-43.68345277012826,Rio de Janeiro,""
mariana,33,133.83575757575758,24.13242424242424,3.878787878787879,"",-20.374972291536913,-43.418085248936116,Minas Gerais,""
taquaritinga,33,139.5160606060606,19.183030303030304,4.484848484848484,"",-21.4055387489869,-48.504879601256874,São Paulo,""
promissao,32,136.5578125,19.0884375,4.375,"",-21.540871777059703,-49.85688965014309,São Paulo,""
santo antonio de padua,32,171.96387096774194,23.680322580645164,4.03125,1,-21.554176302657154,-42.19702089851013,Rio de Janeiro,0.03125
montenegro,32,153.45625,22.559687500000003,4.393939393939394,2,-29.68780422662314,-51.46796398824514,Rio Grande do Sul,0.0625
itabirito,32,175.10793103448276,27.869655172413793,3.96875,"",-20.25306174547872,-43.80096892837851,Minas Gerais,""
cachoeira do sul,32,196.51000000000002,29.221562499999997,4.0,1,-30.0339629711289,-52.90011140441513,Rio Grande do Sul,0.03125
formiga,32,137.74812500000002,19.54375,4.03125,4,-20.46253562176836,-45.433058998165116,Minas Gerais,0.125
navegantes,31,218.81193548387097,23.150967741935485,4.548387096774194,3,-26.875797355778495,-48.65729216554235,Santa Catarina,0.0967741935483871
marechal candido rondon,31,117.37290322580647,22.202903225806455,3.935483870967742,1,-24.554484526806142,-54.057817285052934,Paraná,0.03225806451612903
marechal candido rondon,31,117.37290322580647,22.202903225806455,3.935483870967742,1,-24.554484526806142,-54.057817285052934,Paraná,0.03225806451612903
marechal candido rondon,31,117.37290322580647,22.202903225806455,3.935483870967742,1,-24.554484526806142,-54.057817285052934,Paraná,0.03225806451612903
garanhuns,31,132.49935483870965,40.67290322580646,4.387096774193548,"",-8.888521526196081,-36.48535028958124,Pernambuco,""
guaiba,31,174.75838709677424,23.278064516129028,4.064516129032258,"",-30.121243262251188,-51.33555957080148,Rio Grande do Sul,""
ibiuna,31,110.95225806451613,18.40032258064516,4.258064516129032,"",-23.66078602886078,-47.21660266049165,São Paulo,""
gramado,30,105.87466666666666,21.557000000000002,4.166666666666667,"",-29.381737615662075,-50.87401159925629,Rio Grande do Sul,""
congonhas,30,97.95366666666668,22.674,4.2,1,-20.50992275165819,-43.861539725169365,Minas Gerais,0.03333333333333333
congonhas,30,97.95366666666668,22.674,4.2,1,-23.200658162072042,-50.72307968433729,Paraná,0.03333333333333333
santo antonio de jesus,30,145.39499999999998,26.139666666666667,3.8666666666666667,"",-12.971006815903655,-39.24798821720787,Bahia,""
ituverava,30,130.4734482758621,20.3,4.133333333333334,"",-20.33141443592607,-47.78938848316795,São Paulo,""
cerquilho,30,109.99700000000001,18.72666666666667,4.666666666666667,"",-23.166261903785387,-47.746688703504226,São Paulo,""
tijucas,30,116.82466666666666,21.31433333333333,4.129032258064516,"",-27.239248909102976,-48.637066921218334,Santa Catarina,""
jales,30,109.41551724137932,19.784827586206895,4.466666666666667,1,-20.270890432738025,-50.54619371685489,São Paulo,0.03333333333333333
gaspar,30,354.76800000000003,33.019,4.133333333333334,2,-26.916983314868745,-48.95888835184016,Santa Catarina,0.06666666666666667
santa isabel,30,99.15379310344828,14.27551724137931,3.8666666666666667,"",-15.302299825356117,-49.423904726426564,Goiás,""
santa isabel,30,99.15379310344828,14.27551724137931,3.8666666666666667,"",-23.318322777448078,-46.22610698417854,São Paulo,""
arapiraca,29,300.98999999999995,49.011034482758625,3.966666666666667,"",-9.750889477285309,-36.65688381187583,Alagoas,""
teixeira de freitas,29,118.59206896551724,26.869655172413793,4.103448275862069,"",-17.533701523607387,-39.74551200962673,Bahia,""
orlandia,29,143.83285714285716,18.752857142857145,4.133333333333334,1,-20.716819132540536,-47.879750295639354,São Paulo,0.034482758620689655
uniao da vitoria,29,175.23896551724138,32.959310344827585,4.103448275862069,1,-26.22979665285144,-51.08254572474219,Paraná,0.034482758620689655
barra bonita,29,142.15275862068967,19.328275862068963,4.068965517241379,"",-22.48619767441373,-48.55959102350534,São Paulo,""
barra bonita,29,142.15275862068967,19.328275862068963,4.068965517241379,"",-26.6549131998767,-53.43887790780584,Santa Catarina,""
arraial do cabo,29,180.61689655172412,40.39379310344828,3.793103448275862,"",-22.96354628987303,-42.05072170618841,Rio de Janeiro,""
armacao dos buzios,29,166.77241379310345,26.774827586206897,3.7586206896551726,2,-22.766485578583268,-41.90944761043474,Rio de Janeiro,0.06896551724137931
itarare,29,139.83214285714286,21.631785714285716,4.0344827586206895,"",-24.11151093377599,-49.33132741403019,São Paulo,""
mirassol,29,201.75482758620694,18.36,4.137931034482759,4,-20.81457789035409,-49.50661257216202,São Paulo,0.13793103448275862
fazenda rio grande,29,160.53413793103448,18.947241379310345,4.482758620689655,6,-25.655911775273843,-49.31010070422006,Paraná,0.20689655172413793
xanxere,29,143.99551724137933,25.19379310344827,4.413793103448276,2,-26.876172887391114,-52.40341923601604,Santa Catarina,0.06896551724137931
alem paraiba,29,102.52,24.205714285714286,3.7586206896551726,"",-21.872452912165336,-42.693540638079725,Minas Gerais,""
garca,28,107.6217857142857,20.141785714285714,4.321428571428571,4,-22.211232140083208,-49.65819174411557,São Paulo,0.14285714285714285
piumhii,28,132.4039285714286,26.67142857142857,4.5,"",-20.469617926210063,-45.96153237686577,Minas Gerais,""
trindade,28,268.2274999999999,32.25857142857143,4.142857142857143,"",-7.760725407909577,-40.26833732207708,Pernambuco,""
trindade,28,268.2274999999999,32.25857142857143,4.142857142857143,"",-16.647441943307257,-49.461044647617804,Goiás,""
camboriu,28,111.36357142857142,23.960714285714285,4.25,1,-27.020601318443344,-48.65311819828225,Santa Catarina,0.03571428571428571
batatais,28,199.1,20.836071428571426,3.9642857142857144,3,-20.89297727758807,-47.58505201276203,São Paulo,0.10714285714285714
capao bonito,28,109.96321428571426,19.400000000000002,4.392857142857143,"",-24.001794113002507,-48.34750135709458,São Paulo,""
dois vizinhos,28,86.05428571428571,21.120714285714286,4.428571428571429,"",-25.748854265422104,-53.06008829226004,Paraná,""
porto ferreira,28,74.10000000000001,19.98962962962963,4.178571428571429,9,-21.866032425983537,-47.47810175812134,São Paulo,0.32142857142857145
farroupilha,28,119.00111111111111,20.165185185185187,4.285714285714286,2,-29.26849708818689,-51.34653820201097,Rio Grande do Sul,0.07142857142857142
primavera do leste,28,222.60035714285712,30.717857142857145,4.357142857142857,"",-15.542518572911552,-54.29976942741651,Mato Grosso,""
itapolis,28,120.14250000000001,23.339642857142856,4.464285714285714,"",-21.594350422866874,-48.81081218885161,São Paulo,""
rio bonito,28,157.21464285714288,21.849285714285713,3.9285714285714284,1,-8.474008102898447,-35.74210988587654,Paraná,0.03571428571428571
rio bonito,28,157.21464285714288,21.849285714285713,3.9285714285714284,1,-22.711927870432568,-42.63004113951235,Rio de Janeiro,0.03571428571428571
rio bonito,28,157.21464285714288,21.849285714285713,3.9285714285714284,1,-26.449999999999932,-50.83332999999993,Santa Catarina,0.03571428571428571
rio bonito,28,157.21464285714288,21.849285714285713,3.9285714285714284,1,-8.474008102898447,-35.74210988587654,Paraná,0.03571428571428571
rio bonito,28,157.21464285714288,21.849285714285713,3.9285714285714284,1,-22.711927870432568,-42.63004113951235,Rio de Janeiro,0.03571428571428571
rio bonito,28,157.21464285714288,21.849285714285713,3.9285714285714284,1,-26.449999999999932,-50.83332999999993,Santa Catarina,0.03571428571428571
miguel pereira,28,128.65,28.833571428571425,3.793103448275862,"",-22.45590025201062,-43.47050731793302,Rio de Janeiro,""
mafra,28,66.62423076923076,23.95307692307692,3.9642857142857144,"",-26.125856030894784,-49.81253069564955,Santa Catarina,""
corumba,28,174.08037037037036,34.32999999999999,3.7857142857142856,"",-19.01154828493683,-57.65030055189104,Mato Grosso do Sul,""
dracena,28,168.07592592592593,24.012592592592593,4.25,1,-21.48639335970809,-51.533744143993815,São Paulo,0.03571428571428571
matinhos,27,106.00555555555557,25.06222222222222,4.592592592592593,"",-25.813132721140192,-48.53630463973458,Paraná,""
parauapebas,27,151.5577777777778,57.114444444444445,4.148148148148148,"",-6.0744593190250615,-49.90618460751549,Pará,""
canoinhas,27,169.7411111111111,26.22259259259259,4.111111111111111,2,-26.17842967715642,-50.39172922868352,Santa Catarina,0.07407407407407407
cambe,27,145.5803703703704,23.273703703703703,4.296296296296297,3,-23.287233452139443,-51.25804335403709,Paraná,0.1111111111111111
diamantina,27,89.78814814814814,17.912962962962965,4.407407407407407,"",-18.24034794272576,-43.60050786265679,Minas Gerais,""
carangola,27,170.07407407407408,22.462592592592593,3.5357142857142856,"",-20.732516031917744,-42.029943765152524,Minas Gerais,""
caete,27,91.96185185185186,24.817777777777774,4.407407407407407,"",-19.88417534591237,-43.66472664657098,Minas Gerais,""
rolandia,27,224.48259259259262,33.14333333333334,3.925925925925926,3,-23.316055877925084,-51.37700600525853,Paraná,0.1111111111111111
brumadinho,26,86.855,20.654230769230768,4.576923076923077,"",-20.13956240878148,-44.176164704991,Minas Gerais,""
venancio aires,26,106.33153846153847,22.623846153846156,4.384615384615385,3,-29.610956865708374,-52.193951448287386,Rio Grande do Sul,0.11538461538461539
santiago,26,88.64230769230768,25.76923076923077,4.884615384615385,"",-29.18654362612816,-54.86751605569601,Rio Grande do Sul,""
viana,26,153.64576923076925,30.293076923076917,4.269230769230769,1,-20.36137392139096,-40.43457262229895,Espírito Santo,0.038461538461538464
viana,26,153.64576923076925,30.293076923076917,4.269230769230769,1,-3.211628210130476,-45.001725340475865,Maranhão,0.038461538461538464
frutal,26,133.64807692307693,24.685384615384617,4.269230769230769,"",-20.027378175476695,-48.93350958851247,Minas Gerais,""
mineiros,26,135.172,33.6136,4.346153846153846,"",-17.556809020050284,-52.54981156302428,Goiás,""
rio grande da serra,26,87.08846153846153,16.049615384615386,4.3076923076923075,"",-23.745624893916617,-46.394620336946865,São Paulo,""
indaial,26,128.25923076923075,27.589230769230767,4.346153846153846,2,-26.896510215225554,-49.23801492254843,Santa Catarina,0.07692307692307693
sapiranga,26,146.424,29.768800000000002,3.769230769230769,1,-28.899945513324457,-49.54701568750369,Santa Catarina,0.038461538461538464
sapiranga,26,146.424,29.768800000000002,3.769230769230769,1,-29.639257291805535,-51.00307811090831,Rio Grande do Sul,0.038461538461538464
joacaba,26,181.57692307692307,19.695769230769226,4.076923076923077,"",-27.172293601976847,-51.5089204960862,Santa Catarina,""
campos do jordao,26,125.88461538461539,27.84692307692308,4.037037037037037,"",-22.736601126761766,-45.58673471592272,São Paulo,""
santa barbara,26,196.85423076923078,29.68307692307692,3.769230769230769,"",-11.957249011433797,-38.973368950573196,Bahia,""
santa barbara,26,196.85423076923078,29.68307692307692,3.769230769230769,"",-19.96150169102847,-43.41014023203098,Minas Gerais,""
presidente venceslau,26,147.6756,24.275199999999995,3.5384615384615383,"",-21.874288279503787,-51.84496960410868,São Paulo,""
cachoeira paulista,25,131.68,19.040399999999998,4.4,"",-22.66577382523548,-45.009051684655034,São Paulo,""
aparecida,25,149.6384,18.718,4.346153846153846,1,-6.78581814474845,-38.08345851472345,Paraïba,0.04
aparecida,25,149.6384,18.718,4.346153846153846,1,-22.85123122560903,-45.24664690995328,São Paulo,0.04
caceres,25,190.0076,36.73479999999999,4.28,"",-16.065476759598656,-57.686173488122066,Mato Grosso,""
nanuque,25,95.83879999999999,20.9912,4.2,"",-17.844075894606846,-40.349262225092765,Minas Gerais,""
arcos,25,215.66920000000002,23.9052,4.12,"",-20.28830151372826,-45.54130069344622,Minas Gerais,""
barra do garcas,25,163.048,33.924,4.2,"",-15.878637350730372,-52.27223991765772,Mato Grosso,""
biguacu,25,179.2166666666667,23.705000000000002,3.72,"",-27.504870090577523,-48.64971059986323,Santa Catarina,""
tramandai,25,108.14079999999998,23.456,3.96,"",-30.00523398538167,-50.14969942780237,Rio Grande do Sul,""
mairinque,25,114.4048,19.4632,4.16,1,-23.536502958352973,-47.18889011605327,São Paulo,0.04
coromandel,25,96.15719999999999,21.7792,3.72,"",-18.47627421500296,-47.19682128916466,Minas Gerais,""
altamira,25,206.726,49.2676,3.96,"",-3.2066377414917957,-52.21607476388612,Pará,""
